bytes,rows,width,cold_us,min_us,median_us,max_us,threads,ordinary_new_calls,process_peak_rss_kib
4,1,7,16.74,8.11,8.351,8.44,0,28,4412
4,1,8,8.81,8.391,8.62,8.841,0,28,4412
4,1,9,414.688,360.596,378.466,389.137,96,232,4604
4,1,32,1106.64,1086.08,1130.94,1253.68,276,592,4604
4,1,24,1133.6,1043.42,1108.34,1208.05,276,592,4604
4,8,7,82.014,64.402,65.743,70.393,0,28,4604
4,8,8,70.693,63.303,63.853,84.553,0,28,4604
4,8,9,2259.4,2163.66,2826.81,2967.35,768,1660,4604
4,8,32,6684.56,6758.73,8277.01,10270.8,2208,4540,4708
4,8,24,6579.47,6692.94,6772.84,7795.93,2208,4540,4708
8,1,7,18.8,8.13,8.18,8.811,0,28,4708
8,1,8,8.411,8.12,8.241,8.7,0,28,4708
8,1,9,262.681,257.052,372.097,393.438,96,232,4708
8,1,32,1232.52,1153.83,1191.92,1273.72,276,592,4708
8,1,24,1126.05,1128.19,1171.31,1254.86,276,592,4708
8,8,7,67.773,64.983,65.492,70.053,0,28,4708
8,8,8,66.303,63.733,65.033,65.403,0,28,4708
8,8,9,3064.66,2912.03,3117.43,3572.73,768,1660,4708
8,8,32,9612.09,9452.27,11330,11647.6,2208,4540,4708
8,8,24,8517.63,7999.45,8268.42,10419,2208,4540,4708
